Feature,Importance
chr19_44908684_T_C_C,0.07183014798839887
chr10_62188210_T_C_C,0.03311891128132669
chr5_172287089_G_A_A,0.021034431471703686
chr19_44912678_G_T_T,0.011876254926749397
chr5_172285127_A_T_T,0.010511638283632007
chr19_44912456_G_A_A,0.003662526957685719
chr5_172285929_G_T_T,0.0
chr19_44887076_A_G_G,-0.0002974641183907556
chr19_44906745_G_A_A,-0.0010076597010486243
chr19_44892962_C_T_T,-0.0010188146054882386
chr19_44912921_G_T_T,-0.004357849334424102
chr19_44913484_C_T_T,-0.005748494087900668
chr19_44892457_T_C_C,-0.005763367293820221
