Feature,Importance
chr10_62188210_T_C_C,0.019878039711459718
chr19_44908684_T_C_C,0.01939837882055472
chr5_172285127_A_T_T,0.008901613742842207
chr5_172285929_G_T_T,0.008827247713244512
chr5_172287089_G_A_A,0.0056592548523834
chr19_44912456_G_A_A,0.004153342753030332
chr19_44906745_G_A_A,0.002948613073547923
chr19_44912678_G_T_T,0.0027924444113927916
chr19_44912921_G_T_T,0.0003458020376291393
chr19_44913484_C_T_T,-0.00022681639027303247
chr19_44892962_C_T_T,-0.0009704766862498216
chr19_44892457_T_C_C,-0.0015579683200714455
chr19_44887076_A_G_G,-0.0020041644976575455
