Feature,Importance
chr10_62188210_T_C_C,0.027827768275451758
chr19_44908684_T_C_C,0.022276344165984986
chr5_172285127_A_T_T,0.008224882873503403
chr5_172287089_G_A_A,0.00642522495723955
chr5_172285929_G_T_T,0.005525395999107596
chr19_44912456_G_A_A,-0.0010448427158474272
chr19_44912678_G_T_T,-0.0014166728638358218
chr19_44906745_G_A_A,-0.0039376812671971465
chr19_44887076_A_G_G,-0.010467018665873429
chr19_44912921_G_T_T,-0.010786792593143446
chr19_44892962_C_T_T,-0.011121439726333037
chr19_44892457_T_C_C,-0.01146352346248235
chr19_44913484_C_T_T,-0.01391760243920579
