Feature,Importance
chr19_44908684_T_C_C,0.04727076671376507
chr10_62188210_T_C_C,0.035509779132892064
chr19_44912678_G_T_T,0.016066780694578696
chr19_44912456_G_A_A,0.015107458912768601
chr5_172287089_G_A_A,0.012753774076002044
chr5_172285127_A_T_T,0.009243697478991553
chr19_44906745_G_A_A,0.008206291366103912
chr5_172285929_G_T_T,0.007325053915371438
chr19_44892962_C_T_T,0.005335762623633467
chr19_44892457_T_C_C,0.0019892912917379157
chr19_44887076_A_G_G,-0.0025395999107608257
chr19_44913484_C_T_T,-0.005477058079869146
chr19_44912921_G_T_T,-0.007425448055328387
