Feature,Importance
chr19_44908684_T_C_C,0.026444560124934856
chr10_62188210_T_C_C,0.0186398453186583
chr5_172285127_A_T_T,0.009548598200342007
chr5_172285929_G_T_T,0.009474232170744324
chr5_172287089_G_A_A,0.006421506655759568
chr19_44912456_G_A_A,0.004588384026176751
chr19_44912678_G_T_T,0.004499144790659526
chr19_44906745_G_A_A,0.004246300290027416
chr19_44892457_T_C_C,0.001342306834237994
chr19_44912921_G_T_T,0.0009035472596117145
chr19_44913484_C_T_T,0.0
chr19_44892962_C_T_T,-6.321112515815797e-05
chr19_44887076_A_G_G,-0.00039042165538792916
