Feature,Importance
chr19_44908684_T_C_C,0.044121365360303436
chr10_62188210_T_C_C,0.02298282144716296
chr19_44892962_C_T_T,0.011195805755930687
chr19_44912678_G_T_T,0.009898118539451162
chr5_172287089_G_A_A,0.008849557522123908
chr5_172285127_A_T_T,0.008079869115787897
chr5_172285929_G_T_T,0.008079869115787897
chr19_44887076_A_G_G,0.0
chr19_44892457_T_C_C,0.0
chr19_44906745_G_A_A,0.0
chr19_44912456_G_A_A,0.0
chr19_44912921_G_T_T,0.0
chr19_44913484_C_T_T,0.0
