Feature,Importance
chr10_62188210_T_C_C,0.0279207258124488
chr19_44908684_T_C_C,0.020647728117795694
chr5_172287089_G_A_A,0.0174425522421357
chr5_172285127_A_T_T,0.014560868595225618
chr19_44912678_G_T_T,0.00955975310478161
chr19_44906745_G_A_A,0.004428497062541748
chr19_44912456_G_A_A,0.00177734810738448
chr19_44892962_C_T_T,0.0003458020376291282
chr19_44887076_A_G_G,0.00014129545623551288
chr5_172285929_G_T_T,0.0
chr19_44913484_C_T_T,-0.0018628690414219662
chr19_44892457_T_C_C,-0.00989068193649153
chr19_44912921_G_T_T,-0.012608760318286704
