Feature,Importance
chr19_44908684_T_C_C,0.0508552093403733
chr10_62188210_T_C_C,0.035480032721052976
chr19_44912678_G_T_T,0.022224287945266576
chr5_172287089_G_A_A,0.011943184353387338
chr19_44906745_G_A_A,0.008042686100989039
chr5_172285127_A_T_T,0.007176321856176049
chr19_44892962_C_T_T,0.0067264073771100994
chr5_172285929_G_T_T,0.00658883022235438
chr19_44912921_G_T_T,0.004428497062541781
chr19_44912456_G_A_A,0.00024168959619238483
chr19_44887076_A_G_G,-0.0018331226295828285
chr19_44913484_C_T_T,-0.002569346322599875
chr19_44892457_T_C_C,-0.0027552613965940555
