Feature,Importance
chr19_44908684_T_C_C,0.04542648917974268
chr10_62188210_T_C_C,0.03199226593292183
chr19_44912678_G_T_T,0.01056369450435043
chr19_44912456_G_A_A,0.010139808135643668
chr5_172287089_G_A_A,0.006715252472670463
chr5_172285127_A_T_T,0.003919089759797734
chr5_172285929_G_T_T,0.003777794303562165
chr19_44906745_G_A_A,0.0033576262363352316
chr19_44892457_T_C_C,0.0011712649661634543
chr19_44892962_C_T_T,0.0007027589796981037
chr19_44912921_G_T_T,-0.0001450137577154842
chr19_44887076_A_G_G,-0.005886071242656321
chr19_44913484_C_T_T,-0.008533501896333739
